<?xml version="1.0" encoding="UTF-8"?>
<project-private xmlns="http://www.netbeans.org/ns/project-private/1">
    <editor-bookmarks xmlns="http://www.netbeans.org/ns/editor-bookmarks/2" lastBookmarkId="0"/>
    <open-files xmlns="http://www.netbeans.org/ns/projectui-open-files/2">
        <group>
            <file>file:/Users/hungnq/Data/LuAn/LAB211/%5BLAB211%5D%20OOP%20with%20Java%20Lab/PASSED-TUANVM-FALL21/LAB211_P0101(100Loc)/src/GetData.java</file>
            <file>file:/Users/hungnq/Data/LuAn/LAB211/%5BLAB211%5D%20OOP%20with%20Java%20Lab/PASSED-TUANVM-FALL21/LAB211_P0101(100Loc)/src/EmployeeManagement.java</file>
            <file>file:/Users/hungnq/Data/LuAn/LAB211/%5BLAB211%5D%20OOP%20with%20Java%20Lab/PASSED-TUANVM-FALL21/LAB211_P0101(100Loc)/src/Employee.java</file>
            <file>file:/Users/hungnq/Data/LuAn/LAB211/%5BLAB211%5D%20OOP%20with%20Java%20Lab/PASSED-TUANVM-FALL21/LAB211_P0101(100Loc)/src/Main.java</file>
        </group>
    </open-files>
</project-private>
